{
  "placeholderImages": [
    {
      "id": "hero-bg",
      "description": "Crowd at a concert with lights",
      "imageUrl": "https://images.unsplash.com/photo-1689783101582-98feb9393a57?crop=entropy&cs=tinysrgb&fit=max&fm=jpg&ixid=M3w3NDE5ODJ8MHwxfHNlYXJjaHw0fHxjb25jZXJ0JTIwY3Jvd2R8ZW58MHx8fHwxNzcyMDI5MzY5fDA&ixlib=rb-4.1.0&q=80&w=1080",
      "imageHint": "concert crowd"
    },
    {
      "id": "tech-conf",
      "description": "Professional conference room",
      "imageUrl": "https://images.unsplash.com/photo-1587825140708-dfaf72ae4b04?crop=entropy&cs=tinysrgb&fit=max&fm=jpg&ixid=M3w3NDE5ODJ8MHwxfHNlYXJjaHw0fHx0ZWNoJTIwY29uZmVyZW5jZXxlbnwwfHx8fDE3NzIwMDI0NzR8MA&ixlib=rb-4.1.0&q=80&w=1080",
      "imageHint": "tech conference"
    },
    {
      "id": "workshop",
      "description": "Art workshop setting",
      "imageUrl": "https://images.unsplash.com/photo-1560831340-b9679dc9e9f0?crop=entropy&cs=tinysrgb&fit=max&fm=jpg&ixid=M3w3NDE5ODJ8MHwxfHNlYXJjaHw0fHxhcnQlMjB3b3Jrc2hvcHxlbnwwfHx8fDE3NzIxMDExNDF8MA&ixlib=rb-4.1.0&q=80&w=1080",
      "imageHint": "art workshop"
    },
    {
      "id": "music-fest",
      "description": "Outdoor music festival",
      "imageUrl": "https://images.unsplash.com/photo-1656401992374-5ce15b9a11fa?crop=entropy&cs=tinysrgb&fit=max&fm=jpg&ixid=M3w3NDE5ODJ8MHwxfHNlYXJjaHw5fHxtdXNpYyUyMGZlc3RpdmFsfGVufDB8fHx8MTc3MTk4Nzk3MHww&ixlib=rb-4.1.0&q=80&w=1080",
      "imageHint": "music festival"
    },
    {
      "id": "food-fair",
      "description": "Street food market",
      "imageUrl": "https://images.unsplash.com/photo-1581618478941-515a55d3fce5?crop=entropy&cs=tinysrgb&fit=max&fm=jpg&ixid=M3w3NDE5ODJ8MHwxfHNlYXJjaHwxMHx8Zm9vZCUyMGZhaXJ8ZW58MHx8fHwxNzcyMDk2NTYwfDA&ixlib=rb-4.1.0&q=80&w=1080",
      "imageHint": "food fair"
    },
    {
      "id": "sports-event",
      "description": "Stadium under lights",
      "imageUrl": "https://images.unsplash.com/photo-1659617929571-98383e4baf82?crop=entropy&cs=tinysrgb&fit=max&fm=jpg&ixid=M3w3NDE5ODJ8MHwxfHNlYXJjaHw4fHxzcG9ydHMlMjBzdGFkaXVtfGVufDB8fHx8MTc3MjEwMDU1MHww&ixlib=rb-4.1.0&q=80&w=1080",
      "imageHint": "sports stadium"
    }
  ]
}